INSERT INTO users(first_name, last_name, password_hash, avatar, email) VALUES
('Иван', 'Иванов', '5f4dcc3b5aa765d61d8327deb882cf99', 'avatar1.jpg', 'ivanov@example.com'),
('Пётр', 'Петров', '5f4dcc3b5aa765d61d8327deb882cf99', 'avatar2.jpg', 'petrov@example.com');
ALTER TABLE articles DISABLE TRIGGER ALL;
INSERT INTO articles(user_id, title, created_at, announce, full_text) VALUES
(1, 'Рок — это протест', '2021-05-10 14:41:18', 'Альбом стал настоящим открытием года. Мощные гитарные рифы и скоростные соло-партии не дадут заскучать. Игры и программирование разные вещи. Не стоит идти в программисты если вам нравятся только игры. Первая большая ёлка была установлена только в 1938 году. Освоить вёрстку несложно. Возьмите книгу новую книгу и закрепите все упражнения на практике.', 'Первая большая ёлка была установлена только в 1938 году. Из под его пера вышло 8 платиновых альбомов. Вы можете достичь всего. Стоит только немного постараться и запастись книгами. Простые ежедневные упражнения помогут достичь успеха. Он написал больше 30 хитов. Как начать действовать? Для начала просто соберитесь. Альбом стал настоящим открытием года. Мощные гитарные рифы и скоростные соло-партии не дадут заскучать. Это один из лучших рок-музыкантов. Программировать не настолько сложно как об этом говорят. Помните небольшое количество ежедневных упражнений лучше чем один раз но много. Золотое сечение — соотношение двух величин гармоническая пропорция. Игры и программирование разные вещи. Не стоит идти в программисты если вам нравятся только игры. Рок-музыка всегда ассоциировалась с протестами. Так ли это на самом деле? Собрать камни бесконечности легко если вы прирожденный герой. Процессор заслуживает особого внимания. Он обязательно понравится геймерам со стажем. Бороться с прокрастинацией несложно. Просто действуйте. Маленькими шагами. Ёлки — это не просто красивое дерево. Это прочная древесина. Освоить вёрстку несложно. Возьмите книгу новую книгу и закрепите все упражнения на практике.'),
(1, 'Ёлки. История деревьев', '2021-05-25 18:43:03', 'Рок-музыка всегда ассоциировалась с протестами. Так ли это на самом деле? Первая большая ёлка была установлена только в 1938 году. Программировать не настолько сложно как об этом говорят. Альбом стал настоящим открытием года. Мощные гитарные рифы и скоростные соло-партии не дадут заскучать.', 'Этот смартфон — настоящая находка. Большой и яркий экран мощнейший процессор — всё это в небольшом гаджете. Он написал больше 30 хитов. Это один из лучших рок-музыкантов. Рок-музыка всегда ассоциировалась с протестами. Так ли это на самом деле? Как начать действовать? Для начала просто соберитесь. Первая большая ёлка была установлена только в 1938 году. Ёлки — это не просто красивое дерево. Это прочная древесина. Собрать камни бесконечности легко если вы прирожденный герой. Игры и программирование разные вещи. Не стоит идти в программисты если вам нравятся только игры. Вы можете достичь всего. Стоит только немного постараться и запастись книгами. Золотое сечение — соотношение двух величин гармоническая пропорция. Простые ежедневные упражнения помогут достичь успеха. Процессор заслуживает особого внимания. Он обязательно понравится геймерам со стажем. Бороться с прокрастинацией несложно. Просто действуйте. Маленькими шагами. Альбом стал настоящим открытием года. Мощные гитарные рифы и скоростные соло-партии не дадут заскучать. Помните небольшое количество ежедневных упражнений лучше чем один раз но много. Освоить вёрстку несложно. Возьмите книгу новую книгу и закрепите все упражнения на практике. Программировать не настолько сложно как об этом говорят.'),
(1, 'Как достигнуть успеха не вставая с кресла', '2021-06-06 18:46:16', 'Ёлки — это не просто красивое дерево. Это прочная древесина. Золотое сечение — соотношение двух величин гармоническая пропорция. Он написал больше 30 хитов. Вы можете достичь всего. Стоит только немного постараться и запастись книгами.', 'Этот смартфон — настоящая находка. Большой и яркий экран мощнейший процессор — всё это в небольшом гаджете. Из под его пера вышло 8 платиновых альбомов. Бороться с прокрастинацией несложно. Просто действуйте. Маленькими шагами. Собрать камни бесконечности легко если вы прирожденный герой. Как начать действовать? Для начала просто соберитесь. Ёлки — это не просто красивое дерево. Это прочная древесина. Игры и программирование разные вещи. Не стоит идти в программисты если вам нравятся только игры. Процессор заслуживает особого внимания. Он обязательно понравится геймерам со стажем. Он написал больше 30 хитов. Вы можете достичь всего. Стоит только немного постараться и запастись книгами. Освоить вёрстку несложно. Возьмите книгу новую книгу и закрепите все упражнения на практике. Помните небольшое количество ежедневных упражнений лучше чем один раз но много. Альбом стал настоящим открытием года. Мощные гитарные рифы и скоростные соло-партии не дадут заскучать. Первая большая ёлка была установлена только в 1938 году. Достичь успеха помогут ежедневные повторения. Это один из лучших рок-музыкантов. Рок-музыка всегда ассоциировалась с протестами. Так ли это на самом деле? Золотое сечение — соотношение двух величин гармоническая пропорция.'),
(2, 'Учим HTML и CSS', '2021-05-07 15:54:12', 'Рок-музыка всегда ассоциировалась с протестами. Так ли это на самом деле? Программировать не настолько сложно как об этом говорят. Игры и программирование разные вещи. Не стоит идти в программисты если вам нравятся только игры. Альбом стал настоящим открытием года. Мощные гитарные рифы и скоростные соло-партии не дадут заскучать.', 'Ёлки — это не просто красивое дерево. Это прочная древесина. Золотое сечение — соотношение двух величин гармоническая пропорция. Программировать не настолько сложно как об этом говорят. Вы можете достичь всего. Стоит только немного постараться и запастись книгами. Рок-музыка всегда ассоциировалась с протестами. Так ли это на самом деле? Бороться с прокрастинацией несложно. Просто действуйте. Маленькими шагами. Как начать действовать? Для начала просто соберитесь. Этот смартфон — настоящая находка. Большой и яркий экран мощнейший процессор — всё это в небольшом гаджете. Он написал больше 30 хитов. Собрать камни бесконечности легко если вы прирожденный герой. Это один из лучших рок-музыкантов. Помните небольшое количество ежедневных упражнений лучше чем один раз но много. Простые ежедневные упражнения помогут достичь успеха. Из под его пера вышло 8 платиновых альбомов. Достичь успеха помогут ежедневные повторения. Игры и программирование разные вещи. Не стоит идти в программисты если вам нравятся только игры. Первая большая ёлка была установлена только в 1938 году. Альбом стал настоящим открытием года. Мощные гитарные рифы и скоростные соло-партии не дадут заскучать.'),
(2, 'Как собрать камни бесконечности', '2021-04-17 15:12:11', 'Первая большая ёлка была установлена только в 1938 году. Игры и программирование разные вещи. Не стоит идти в программисты если вам нравятся только игры. Помните небольшое количество ежедневных упражнений лучше чем один раз но много. Этот смартфон — настоящая находка. Большой и яркий экран мощнейший процессор — всё это в небольшом гаджете.', 'Освоить вёрстку несложно. Возьмите книгу новую книгу и закрепите все упражнения на практике. Из под его пера вышло 8 платиновых альбомов. Бороться с прокрастинацией несложно. Просто действуйте. Маленькими шагами. Вы можете достичь всего. Стоит только немного постараться и запастись книгами. Рок-музыка всегда ассоциировалась с протестами. Так ли это на самом деле? Процессор заслуживает особого внимания. Он обязательно понравится геймерам со стажем. Золотое сечение — соотношение двух величин гармоническая пропорция. Ёлки — это не просто красивое дерево. Это прочная древесина. Достичь успеха помогут ежедневные повторения. Программировать не настолько сложно как об этом говорят. Альбом стал настоящим открытием года. Мощные гитарные рифы и скоростные соло-партии не дадут заскучать. Как начать действовать? Для начала просто соберитесь. Собрать камни бесконечности легко если вы прирожденный герой. Помните небольшое количество ежедневных упражнений лучше чем один раз но много. Это один из лучших рок-музыкантов. Первая большая ёлка была установлена только в 1938 году. Простые ежедневные упражнения помогут достичь успеха. Этот смартфон — настоящая находка. Большой и яркий экран мощнейший процессор — всё это в небольшом гаджете.'),
(2, 'Как собрать камни бесконечности', '2021-05-19 22:45:11', 'Достичь успеха помогут ежедневные повторения. Альбом стал настоящим открытием года. Мощные гитарные рифы и скоростные соло-партии не дадут заскучать. Вы можете достичь всего. Стоит только немного постараться и запастись книгами. Процессор заслуживает особого внимания. Он обязательно понравится геймерам со стажем.', 'Процессор заслуживает особого внимания. Он обязательно понравится геймерам со стажем. Достичь успеха помогут ежедневные повторения. Первая большая ёлка была установлена только в 1938 году. Простые ежедневные упражнения помогут достичь успеха. Освоить вёрстку несложно. Возьмите книгу новую книгу и закрепите все упражнения на практике. Бороться с прокрастинацией несложно. Просто действуйте. Маленькими шагами. Это один из лучших рок-музыкантов. Ёлки — это не просто красивое дерево. Это прочная древесина. Золотое сечение — соотношение двух величин гармоническая пропорция. Рок-музыка всегда ассоциировалась с протестами. Так ли это на самом деле? Помните небольшое количество ежедневных упражнений лучше чем один раз но много. Вы можете достичь всего. Стоит только немного постараться и запастись книгами. Игры и программирование разные вещи. Не стоит идти в программисты если вам нравятся только игры. Он написал больше 30 хитов. Альбом стал настоящим открытием года. Мощные гитарные рифы и скоростные соло-партии не дадут заскучать. Этот смартфон — настоящая находка. Большой и яркий экран мощнейший процессор — всё это в небольшом гаджете. Программировать не настолько сложно как об этом говорят. Из под его пера вышло 8 платиновых альбомов.'),
(2, 'Что такое золотое сечение', '2021-03-25 09:56:27', 'Ёлки — это не просто красивое дерево. Это прочная древесина. Вы можете достичь всего. Стоит только немного постараться и запастись книгами. Рок-музыка всегда ассоциировалась с протестами. Так ли это на самом деле? Процессор заслуживает особого внимания. Он обязательно понравится геймерам со стажем.', 'Игры и программирование разные вещи. Не стоит идти в программисты если вам нравятся только игры. Этот смартфон — настоящая находка. Большой и яркий экран мощнейший процессор — всё это в небольшом гаджете. Это один из лучших рок-музыкантов. Программировать не настолько сложно как об этом говорят. Достичь успеха помогут ежедневные повторения. Он написал больше 30 хитов. Из под его пера вышло 8 платиновых альбомов. Освоить вёрстку несложно. Возьмите книгу новую книгу и закрепите все упражнения на практике. Альбом стал настоящим открытием года. Мощные гитарные рифы и скоростные соло-партии не дадут заскучать. Процессор заслуживает особого внимания. Он обязательно понравится геймерам со стажем. Ёлки — это не просто красивое дерево. Это прочная древесина. Бороться с прокрастинацией несложно. Просто действуйте. Маленькими шагами. Золотое сечение — соотношение двух величин гармоническая пропорция. Как начать действовать? Для начала просто соберитесь. Вы можете достичь всего. Стоит только немного постараться и запастись книгами. Простые ежедневные упражнения помогут достичь успеха. Первая большая ёлка была установлена только в 1938 году. Помните небольшое количество ежедневных упражнений лучше чем один раз но много.'),
(1, 'Как начать программировать', '2021-05-28 21:17:29', 'Освоить вёрстку несложно. Возьмите книгу новую книгу и закрепите все упражнения на практике. Альбом стал настоящим открытием года. Мощные гитарные рифы и скоростные соло-партии не дадут заскучать. Программировать не настолько сложно как об этом говорят. Вы можете достичь всего. Стоит только немного постараться и запастись книгами.', 'Первая большая ёлка была установлена только в 1938 году. Освоить вёрстку несложно. Возьмите книгу новую книгу и закрепите все упражнения на практике. Процессор заслуживает особого внимания. Он обязательно понравится геймерам со стажем. Помните небольшое количество ежедневных упражнений лучше чем один раз но много. Программировать не настолько сложно как об этом говорят. Альбом стал настоящим открытием года. Мощные гитарные рифы и скоростные соло-партии не дадут заскучать. Золотое сечение — соотношение двух величин гармоническая пропорция. Ёлки — это не просто красивое дерево. Это прочная древесина. Как начать действовать? Для начала просто соберитесь. Достичь успеха помогут ежедневные повторения. Бороться с прокрастинацией несложно. Просто действуйте. Маленькими шагами. Простые ежедневные упражнения помогут достичь успеха. Этот смартфон — настоящая находка. Большой и яркий экран мощнейший процессор — всё это в небольшом гаджете. Игры и программирование разные вещи. Не стоит идти в программисты если вам нравятся только игры. Из под его пера вышло 8 платиновых альбомов. Собрать камни бесконечности легко если вы прирожденный герой. Это один из лучших рок-музыкантов. Вы можете достичь всего. Стоит только немного постараться и запастись книгами.'),
(1, 'Обзор новейшего смартфона', '2021-06-22 22:36:51', 'Освоить вёрстку несложно. Возьмите книгу новую книгу и закрепите все упражнения на практике. Процессор заслуживает особого внимания. Он обязательно понравится геймерам со стажем. Из под его пера вышло 8 платиновых альбомов. Простые ежедневные упражнения помогут достичь успеха.', 'Игры и программирование разные вещи. Не стоит идти в программисты если вам нравятся только игры. Помните небольшое количество ежедневных упражнений лучше чем один раз но много. Программировать не настолько сложно как об этом говорят. Бороться с прокрастинацией несложно. Просто действуйте. Маленькими шагами. Освоить вёрстку несложно. Возьмите книгу новую книгу и закрепите все упражнения на практике. Собрать камни бесконечности легко если вы прирожденный герой. Вы можете достичь всего. Стоит только немного постараться и запастись книгами. Золотое сечение — соотношение двух величин гармоническая пропорция. Процессор заслуживает особого внимания. Он обязательно понравится геймерам со стажем. Этот смартфон — настоящая находка. Большой и яркий экран мощнейший процессор — всё это в небольшом гаджете. Из под его пера вышло 8 платиновых альбомов. Альбом стал настоящим открытием года. Мощные гитарные рифы и скоростные соло-партии не дадут заскучать. Простые ежедневные упражнения помогут достичь успеха. Ёлки — это не просто красивое дерево. Это прочная древесина. Рок-музыка всегда ассоциировалась с протестами. Так ли это на самом деле? Достичь успеха помогут ежедневные повторения. Первая большая ёлка была установлена только в 1938 году. Это один из лучших рок-музыкантов.'),
(1, 'Как начать программировать', '2021-03-27 21:24:30', 'Золотое сечение — соотношение двух величин гармоническая пропорция. Собрать камни бесконечности легко если вы прирожденный герой. Как начать действовать? Для начала просто соберитесь. Это один из лучших рок-музыкантов.', 'Этот смартфон — настоящая находка. Большой и яркий экран мощнейший процессор — всё это в небольшом гаджете. Золотое сечение — соотношение двух величин гармоническая пропорция. Это один из лучших рок-музыкантов. Программировать не настолько сложно как об этом говорят. Из под его пера вышло 8 платиновых альбомов. Простые ежедневные упражнения помогут достичь успеха. Помните небольшое количество ежедневных упражнений лучше чем один раз но много. Собрать камни бесконечности легко если вы прирожденный герой. Как начать действовать? Для начала просто соберитесь. Игры и программирование разные вещи. Не стоит идти в программисты если вам нравятся только игры. Он написал больше 30 хитов. Вы можете достичь всего. Стоит только немного постараться и запастись книгами. Освоить вёрстку несложно. Возьмите книгу новую книгу и закрепите все упражнения на практике. Достичь успеха помогут ежедневные повторения. Процессор заслуживает особого внимания. Он обязательно понравится геймерам со стажем. Первая большая ёлка была установлена только в 1938 году. Бороться с прокрастинацией несложно. Просто действуйте. Маленькими шагами. Ёлки — это не просто красивое дерево. Это прочная древесина.');
ALTER TABLE articles ENABLE TRIGGER ALL;
ALTER TABLE comments DISABLE TRIGGER ALL;
INSERT INTO comments(article_id, user_id, text) VALUES
(1, 2, 'Планируете записать видосик на эту тему? Мне не нравится ваш стиль. Ощущение, что вы меня поучаете. Плюсую, но слишком много буквы! Давно не пользуюсь стационарными компьютерами. Ноутбуки победили.'),
(1, 2, 'Давно не пользуюсь стационарными компьютерами. Ноутбуки победили. Совсем немного... Мне не нравится ваш стиль. Ощущение, что вы меня поучаете.'),
(1, 2, 'Это где ж такие красоты? Плюсую, но слишком много буквы! Хочу такую же футболку :-) Давно не пользуюсь стационарными компьютерами. Ноутбуки победили. Мне не нравится ваш стиль. Ощущение, что вы меня поучаете.'),
(2, 2, 'Мне кажется или я уже читал это где-то? Мне не нравится ваш стиль. Ощущение, что вы меня поучаете. Давно не пользуюсь стационарными компьютерами. Ноутбуки победили. Это где ж такие красоты?'),
(3, 1, 'Давно не пользуюсь стационарными компьютерами. Ноутбуки победили. Согласен с автором! Это где ж такие красоты? Плюсую, но слишком много буквы! Хочу такую же футболку :-) Совсем немного...'),
(3, 1, 'Мне кажется или я уже читал это где-то? Давно не пользуюсь стационарными компьютерами. Ноутбуки победили. Мне не нравится ваш стиль. Ощущение, что вы меня поучаете.'),
(3, 1, 'Мне не нравится ваш стиль. Ощущение, что вы меня поучаете. Хочу такую же футболку :-) Согласен с автором! Планируете записать видосик на эту тему? Плюсую, но слишком много буквы! Мне кажется или я уже читал это где-то?'),
(4, 1, 'Это где ж такие красоты? Согласен с автором! Совсем немного... Плюсую, но слишком много буквы! Мне кажется или я уже читал это где-то? Давно не пользуюсь стационарными компьютерами. Ноутбуки победили.'),
(4, 1, 'Хочу такую же футболку :-) Мне кажется или я уже читал это где-то? Согласен с автором! Это где ж такие красоты?'),
(4, 2, 'Планируете записать видосик на эту тему? Мне не нравится ваш стиль. Ощущение, что вы меня поучаете. Давно не пользуюсь стационарными компьютерами. Ноутбуки победили. Плюсую, но слишком много буквы!'),
(4, 2, 'Совсем немного... Давно не пользуюсь стационарными компьютерами. Ноутбуки победили. Планируете записать видосик на эту тему? Мне кажется или я уже читал это где-то?'),
(5, 1, 'Хочу такую же футболку :-) Мне не нравится ваш стиль. Ощущение, что вы меня поучаете. Давно не пользуюсь стационарными компьютерами. Ноутбуки победили. Плюсую, но слишком много буквы! Согласен с автором!'),
(6, 2, 'Совсем немного...'),
(6, 2, 'Это где ж такие красоты? Давно не пользуюсь стационарными компьютерами. Ноутбуки победили. Согласен с автором! Планируете записать видосик на эту тему? Хочу такую же футболку :-) Мне не нравится ваш стиль. Ощущение, что вы меня поучаете. Плюсую, но слишком много буквы! Мне кажется или я уже читал это где-то? Совсем немного...'),
(7, 2, 'Мне не нравится ваш стиль. Ощущение, что вы меня поучаете. Это где ж такие красоты? Совсем немного... Хочу такую же футболку :-) Давно не пользуюсь стационарными компьютерами. Ноутбуки победили. Мне кажется или я уже читал это где-то? Согласен с автором!'),
(8, 1, 'Хочу такую же футболку :-) Совсем немного... Мне не нравится ваш стиль. Ощущение, что вы меня поучаете. Давно не пользуюсь стационарными компьютерами. Ноутбуки победили. Планируете записать видосик на эту тему? Согласен с автором! Плюсую, но слишком много буквы!'),
(8, 2, 'Мне не нравится ваш стиль. Ощущение, что вы меня поучаете. Давно не пользуюсь стационарными компьютерами. Ноутбуки победили. Мне кажется или я уже читал это где-то?'),
(8, 2, 'Мне кажется или я уже читал это где-то? Планируете записать видосик на эту тему? Давно не пользуюсь стационарными компьютерами. Ноутбуки победили. Совсем немного... Хочу такую же футболку :-) Плюсую, но слишком много буквы!'),
(9, 1, 'Это где ж такие красоты? Хочу такую же футболку :-) Плюсую, но слишком много буквы! Давно не пользуюсь стационарными компьютерами. Ноутбуки победили. Согласен с автором! Мне кажется или я уже читал это где-то?'),
(9, 1, 'Плюсую, но слишком много буквы! Совсем немного... Согласен с автором! Мне не нравится ваш стиль. Ощущение, что вы меня поучаете. Мне кажется или я уже читал это где-то? Давно не пользуюсь стационарными компьютерами. Ноутбуки победили. Планируете записать видосик на эту тему? Хочу такую же футболку :-)'),
(10, 2, 'Мне не нравится ваш стиль. Ощущение, что вы меня поучаете. Планируете записать видосик на эту тему? Плюсую, но слишком много буквы! Хочу такую же футболку :-) Совсем немного... Согласен с автором!'),
(10, 2, 'Плюсую, но слишком много буквы! Хочу такую же футболку :-) Планируете записать видосик на эту тему? Согласен с автором! Мне кажется или я уже читал это где-то? Совсем немного... Мне не нравится ваш стиль. Ощущение, что вы меня поучаете. Давно не пользуюсь стационарными компьютерами. Ноутбуки победили. Это где ж такие красоты?'),
(10, 2, 'Давно не пользуюсь стационарными компьютерами. Ноутбуки победили. Согласен с автором! Плюсую, но слишком много буквы! Планируете записать видосик на эту тему? Хочу такую же футболку :-) Мне не нравится ваш стиль. Ощущение, что вы меня поучаете. Мне кажется или я уже читал это где-то? Это где ж такие красоты? Совсем немного...');
ALTER TABLE comments ENABLE TRIGGER ALL;
INSERT INTO categories(name) VALUES
('Деревья'),
('За жизнь'),
('Без рамки'),
('Разное'),
('IT'),
('Музыка'),
('Кино'),
('Программирование'),
('Железо');
ALTER TABLE article_category DISABLE TRIGGER ALL;
INSERT INTO article_category(article_id, category_id) VALUES
(1, 7),
(2, 5),
(3, 6),
(4, 6),
(5, 9),
(6, 5),
(7, 7),
(8, 7),
(9, 9),
(10, 6);
ALTER TABLE article_category ENABLE TRIGGER ALL;